{
  "method": "draft_model_vllm",
  "model": "Qwen/Qwen2.5-7B-Instruct",
  "draft_model": "/mnt/ssd1/shreyansh/home_dir/speculative_decoding/checkpoints/draft_model_qwen25_05b_ultrachat3000",
  "num_prompts": 100,
  "draft_len": 2,
  "generated_tokens": 12128,
  "baseline_generated_tokens": 12106,
  "speculative_generated_tokens": 12128,
  "baseline_wall_time_s": 74.44069654002669,
  "method_wall_time_s": 71.48778780792782,
  "baseline_tokens_per_s": 162.6260978561722,
  "method_tokens_per_s": 169.6513540548395,
  "speedup": 1.0413064779684147,
  "matches_baseline": false,
  "diverged_prompts": 50,
  "first_diverged_prompt_id": "f9e4f4f68b0b6db08904192a42cd02783cf6fb50316d69c97ba2cde22a28afcf",
  "token_count_mismatches": 4,
  "seed": 0,
  "gpu_memory_utilization": 0.85,
  "max_model_len": 1280,
  "max_num_seqs": 1,
  "serial_prompts": true,
  "warmup_prompts": 1,
  "speculation_steps": 4652,
  "proposed_draft_tokens": 9304,
  "accepted_draft_tokens": 7587,
  "acceptance_rate": 0.8154557179707652,
  "mean_accepted_tokens_per_step": 1.6309114359415304,
  "acceptance_rate_by_position": [
    0.865219260533104,
    0.7656921754084265
  ],
  "baseline_latency_mean_s": 0.744406965400267,
  "baseline_latency_p50_s": 0.7860587129980559,
  "baseline_latency_p95_s": 0.7927815129951341,
  "method_latency_mean_s": 0.7148778780792782,
  "method_latency_p50_s": 0.7189838600024814,
  "method_latency_p95_s": 0.9226329069933854,
  "latency_speedup_mean_s": 1.0526483431666278,
  "latency_speedup_p50_s": 1.0781781840120779,
  "latency_speedup_p95_s": 1.1820129292683814
}
