{
  "num_records": 50.0,
  "mean_speedup": 0.6833056110278796,
  "mean_acceptance_rate": 0.77414294805672,
  "mean_method_tokens_per_s": 35.7733996547193,
  "mean_baseline_tokens_per_s": 52.30658469270479,
  "method": "draft_model",
  "num_prompts": 50,
  "output": "runs/draft_model_qwen25_05b_2ep_len6.jsonl"
}
