{
  "method": "eagle3_vllm",
  "model": "Qwen/Qwen2.5-7B-Instruct",
  "draft_model": "/mnt/ssd1/shreyansh/home_dir/speculative_decoding/checkpoints/vllm_exports/eagle3_modelopt_eval100_len2",
  "num_prompts": 100,
  "draft_len": 2,
  "generated_tokens": 12126,
  "baseline_generated_tokens": 12106,
  "speculative_generated_tokens": 12126,
  "baseline_wall_time_s": 74.45974086396745,
  "method_wall_time_s": 51.820687826984795,
  "baseline_tokens_per_s": 162.58450351199562,
  "method_tokens_per_s": 233.99920974583398,
  "speedup": 1.4368728781171007,
  "matches_baseline": false,
  "diverged_prompts": 52,
  "first_diverged_prompt_id": "f9e4f4f68b0b6db08904192a42cd02783cf6fb50316d69c97ba2cde22a28afcf",
  "token_count_mismatches": 3,
  "seed": 0,
  "parallel_drafting": false,
  "serial_prompts": true,
  "warmup_prompts": 1,
  "speculation_steps": 6636,
  "proposed_draft_tokens": 13272,
  "accepted_draft_tokens": 5568,
  "acceptance_rate": 0.41952983725135623,
  "mean_accepted_tokens_per_step": 0.8390596745027125,
  "acceptance_rate_by_position": [
    0.5415913200723327,
    0.2974683544303797
  ],
  "baseline_latency_mean_s": 0.7445974086396745,
  "baseline_latency_p50_s": 0.7871955089940457,
  "baseline_latency_p95_s": 0.7927001700008987,
  "method_latency_mean_s": 0.5182068782698479,
  "method_latency_p50_s": 0.4469475790101569,
  "method_latency_p95_s": 0.8220870820077835,
  "latency_speedup_mean_s": 1.5700739486555522,
  "latency_speedup_p50_s": 1.7055226282992417,
  "latency_speedup_p95_s": 2.0858118635612377
}
