{
  "method": "eagle3_vllm",
  "model": "Qwen/Qwen2.5-7B-Instruct",
  "draft_model": "/mnt/ssd1/shreyansh/home_dir/speculative_decoding/checkpoints/vllm_exports/eagle3_eval100_len2",
  "num_prompts": 100,
  "draft_len": 2,
  "generated_tokens": 12126,
  "baseline_generated_tokens": 12106,
  "speculative_generated_tokens": 12126,
  "baseline_wall_time_s": 74.38670735899359,
  "method_wall_time_s": 50.1959243191377,
  "baseline_tokens_per_s": 162.74413036694716,
  "method_tokens_per_s": 241.57339792977655,
  "speedup": 1.481927235487382,
  "matches_baseline": false,
  "diverged_prompts": 52,
  "first_diverged_prompt_id": "f9e4f4f68b0b6db08904192a42cd02783cf6fb50316d69c97ba2cde22a28afcf",
  "token_count_mismatches": 3,
  "seed": 0,
  "parallel_drafting": false,
  "serial_prompts": true,
  "warmup_prompts": 1,
  "speculation_steps": 6434,
  "proposed_draft_tokens": 12868,
  "accepted_draft_tokens": 5754,
  "acceptance_rate": 0.44715573515697854,
  "mean_accepted_tokens_per_step": 0.8943114703139571,
  "acceptance_rate_by_position": [
    0.7805408765930991,
    0.11377059372085795
  ],
  "baseline_latency_mean_s": 0.7438670735899359,
  "baseline_latency_p50_s": 0.7867611459951149,
  "baseline_latency_p95_s": 0.791355029999977,
  "method_latency_mean_s": 0.5019592431913771,
  "method_latency_p50_s": 0.49311827700876165,
  "method_latency_p95_s": 0.7016996979946271,
  "latency_speedup_mean_s": 1.5132109484497565,
  "latency_speedup_p50_s": 1.5714521777875619,
  "latency_speedup_p95_s": 1.7284962893454132
}
