{
  "method": "eagle3_vllm",
  "model": "Qwen/Qwen2.5-7B-Instruct",
  "draft_model": "/mnt/ssd1/shreyansh/home_dir/speculative_decoding/checkpoints/vllm_exports/eagle3_eval100_ttt6_len2",
  "num_prompts": 100,
  "draft_len": 2,
  "generated_tokens": 12126,
  "baseline_generated_tokens": 12106,
  "speculative_generated_tokens": 12126,
  "baseline_wall_time_s": 74.40715835095034,
  "method_wall_time_s": 45.048827965933015,
  "baseline_tokens_per_s": 162.69939973921043,
  "method_tokens_per_s": 269.1745944904486,
  "speedup": 1.651700204214387,
  "matches_baseline": false,
  "diverged_prompts": 52,
  "first_diverged_prompt_id": "f9e4f4f68b0b6db08904192a42cd02783cf6fb50316d69c97ba2cde22a28afcf",
  "token_count_mismatches": 3,
  "seed": 0,
  "parallel_drafting": false,
  "serial_prompts": true,
  "warmup_prompts": 1,
  "speculation_steps": 5740,
  "proposed_draft_tokens": 11480,
  "accepted_draft_tokens": 6476,
  "acceptance_rate": 0.5641114982578397,
  "mean_accepted_tokens_per_step": 1.1282229965156794,
  "acceptance_rate_by_position": [
    0.7536585365853659,
    0.37456445993031356
  ],
  "baseline_latency_mean_s": 0.7440715835095034,
  "baseline_latency_p50_s": 0.7865438340086257,
  "baseline_latency_p95_s": 0.7933042399963597,
  "method_latency_mean_s": 0.45048827965933014,
  "method_latency_p50_s": 0.42417315900092945,
  "method_latency_p95_s": 0.6637337180000031,
  "latency_speedup_mean_s": 1.7069233464803453,
  "latency_speedup_p50_s": 1.8286176197345316,
  "latency_speedup_p95_s": 2.0164331390165193
}
