{
  "num_records": 100.0,
  "mean_speedup": 0.8909478746759038,
  "mean_acceptance_rate": 0.7620870591370241,
  "mean_method_tokens_per_s": 57.488602696769725,
  "mean_baseline_tokens_per_s": 64.52577674748972,
  "method": "mtp",
  "num_prompts": 100,
  "num_speculative_steps": 1,
  "matches_baseline": true,
  "diverged_prompts": 0
}
