{
  "method": "ngram_vllm",
  "vllm_ngram_method": "ngram_gpu",
  "model": "Qwen/Qwen2.5-7B-Instruct",
  "num_prompts": 50,
  "draft_len": 5,
  "prompt_lookup_min": 3,
  "prompt_lookup_max": 8,
  "generated_tokens": 3691,
  "baseline_generated_tokens": 3693,
  "speculative_generated_tokens": 3691,
  "baseline_wall_time_s": 12.086736664990894,
  "method_wall_time_s": 10.957036936990335,
  "baseline_decode_wall_time_s": 11.80145997100044,
  "method_decode_wall_time_s": 10.1642997309973,
  "baseline_tokens_per_s": 305.5415288972693,
  "method_tokens_per_s": 336.8611442331999,
  "baseline_decode_tokens_per_s": 312.927384329969,
  "method_decode_tokens_per_s": 363.1337227043625,
  "speedup": 1.1031026667608246,
  "decode_speedup": 1.1610696539192382,
  "matches_baseline": false,
  "diverged_prompts": 6,
  "first_diverged_prompt_id": "wiki_0005",
  "token_count_mismatches": 6,
  "seed": 0,
  "gpu_memory_utilization": 0.85,
  "max_model_len": 16384,
  "max_num_seqs": 16,
  "serial_prompts": false,
  "warmup_prompts": 0,
  "speculation_steps": 1080,
  "proposed_draft_tokens": 5400,
  "accepted_draft_tokens": 2574,
  "acceptance_rate": 0.4766666666666667,
  "mean_accepted_tokens_per_step": 2.3833333333333333,
  "acceptance_rate_by_position": [
    0.5037037037037037,
    0.49074074074074076,
    0.47685185185185186,
    0.46296296296296297,
    0.44907407407407407
  ]
}
