{
  "method": "ngram_vllm",
  "vllm_ngram_method": "ngram",
  "model": "Qwen/Qwen2.5-7B-Instruct",
  "num_prompts": 50,
  "draft_len": 5,
  "prompt_lookup_min": 3,
  "prompt_lookup_max": 8,
  "generated_tokens": 3738,
  "baseline_generated_tokens": 3785,
  "speculative_generated_tokens": 3738,
  "baseline_wall_time_s": 33.04540594300488,
  "method_wall_time_s": 17.530605121079134,
  "baseline_decode_wall_time_s": 23.204949058999773,
  "method_decode_wall_time_s": 7.966665494983317,
  "baseline_tokens_per_s": 114.53937066254187,
  "method_tokens_per_s": 213.22709479693646,
  "baseline_decode_tokens_per_s": 163.11175647817385,
  "method_decode_tokens_per_s": 469.2050899280073,
  "speedup": 1.8850122807951708,
  "decode_speedup": 2.912755540396687,
  "matches_baseline": false,
  "diverged_prompts": 5,
  "first_diverged_prompt_id": "wiki_0026",
  "token_count_mismatches": 5,
  "seed": 0,
  "gpu_memory_utilization": 0.85,
  "max_model_len": 16384,
  "max_num_seqs": 1,
  "serial_prompts": true,
  "warmup_prompts": 1,
  "speculation_steps": 633,
  "proposed_draft_tokens": 3165,
  "accepted_draft_tokens": 2650,
  "acceptance_rate": 0.8372827804107424,
  "mean_accepted_tokens_per_step": 4.1864139020537126,
  "acceptance_rate_by_position": [
    0.8862559241706162,
    0.8625592417061612,
    0.8372827804107424,
    0.8120063191153238,
    0.7883096366508688
  ],
  "baseline_latency_mean_s": 0.6609081188600976,
  "baseline_latency_p50_s": 0.6892711449909257,
  "baseline_latency_p95_s": 1.0615596259885933,
  "method_latency_mean_s": 0.3506121024215827,
  "method_latency_p50_s": 0.38118974400276784,
  "method_latency_p95_s": 0.5413523820025148,
  "latency_speedup_mean_s": 1.9977740045596346,
  "latency_speedup_p50_s": 1.8159946382598668,
  "latency_speedup_p95_s": 3.516791007323249,
  "baseline_decode_latency_mean_s": 0.4640989811799955,
  "baseline_decode_latency_p50_s": 0.41034906401182525,
  "baseline_decode_latency_p95_s": 0.7942539870127803,
  "method_decode_latency_mean_s": 0.15933330989966635,
  "method_decode_latency_p50_s": 0.16210986299847718,
  "method_decode_latency_p95_s": 0.282874083990464,
  "decode_latency_speedup_mean_s": 2.989480764098001,
  "decode_latency_speedup_p50_s": 2.8529632506618476,
  "decode_latency_speedup_p95_s": 4.662682336615482
}
