{
  "method": "parallel_draft_models_vllm",
  "model": "Qwen/Qwen2.5-7B-Instruct",
  "draft_model": "/mnt/ssd1/shreyansh/home_dir/speculative_decoding/checkpoints/parallel_draft_models_qwen25_05b_ultrachat3000",
  "num_prompts": 100,
  "draft_len": 4,
  "generated_tokens": 12118,
  "baseline_generated_tokens": 12123,
  "speculative_generated_tokens": 12118,
  "baseline_wall_time_s": 6.616152114002034,
  "method_wall_time_s": 5.087814848011476,
  "baseline_tokens_per_s": 1832.333929315742,
  "method_tokens_per_s": 2381.769062358117,
  "speedup": 1.3003916831973346,
  "matches_baseline": false,
  "diverged_prompts": 47,
  "first_diverged_prompt_id": "1730858474ab29d5cb68548742e454fd98f73ff42cbcf86752732be727d4d0eb",
  "token_count_mismatches": 4,
  "seed": 0,
  "gpu_memory_utilization": 0.85,
  "max_model_len": 1280,
  "max_num_seqs": 16,
  "serial_prompts": false,
  "warmup_prompts": 0,
  "speculation_steps": 4016,
  "proposed_draft_tokens": 16064,
  "accepted_draft_tokens": 8112,
  "acceptance_rate": 0.5049800796812749,
  "mean_accepted_tokens_per_step": 2.0199203187250996,
  "acceptance_rate_by_position": [
    0.8588147410358565,
    0.6013446215139442,
    0.3615537848605578,
    0.19820717131474103
  ]
}
