{
  "method": "parallel_draft_models_vllm",
  "model": "Qwen/Qwen2.5-7B-Instruct",
  "draft_model": "/mnt/ssd1/shreyansh/home_dir/speculative_decoding/checkpoints/parallel_draft_models_qwen25_05b_ultrachat3000",
  "num_prompts": 100,
  "draft_len": 3,
  "generated_tokens": 12128,
  "baseline_generated_tokens": 12106,
  "speculative_generated_tokens": 12128,
  "baseline_wall_time_s": 74.37389796790376,
  "method_wall_time_s": 40.62896996289783,
  "baseline_tokens_per_s": 162.77215973303396,
  "method_tokens_per_s": 298.50621394229853,
  "speedup": 1.8305632172270583,
  "matches_baseline": false,
  "diverged_prompts": 50,
  "first_diverged_prompt_id": "f9e4f4f68b0b6db08904192a42cd02783cf6fb50316d69c97ba2cde22a28afcf",
  "token_count_mismatches": 4,
  "seed": 0,
  "gpu_memory_utilization": 0.85,
  "max_model_len": 1280,
  "max_num_seqs": 1,
  "serial_prompts": true,
  "warmup_prompts": 1,
  "speculation_steps": 4365,
  "proposed_draft_tokens": 13095,
  "accepted_draft_tokens": 7886,
  "acceptance_rate": 0.6022145857197404,
  "mean_accepted_tokens_per_step": 1.806643757159221,
  "acceptance_rate_by_position": [
    0.8485681557846506,
    0.5890034364261169,
    0.36907216494845363
  ],
  "baseline_latency_mean_s": 0.7437389796790376,
  "baseline_latency_p50_s": 0.7865691170009086,
  "baseline_latency_p95_s": 0.7916868299944326,
  "method_latency_mean_s": 0.40628969962897826,
  "method_latency_p50_s": 0.4138410199957434,
  "method_latency_p95_s": 0.5178712230117526,
  "latency_speedup_mean_s": 1.8608233992281558,
  "latency_speedup_p50_s": 1.8564991394354462,
  "latency_speedup_p95_s": 2.3045617672678027
}
