{
  "method": "parallel_draft_models_vllm",
  "model": "Qwen/Qwen2.5-7B-Instruct",
  "draft_model": "/mnt/ssd1/shreyansh/home_dir/speculative_decoding/checkpoints/parallel_draft_models_qwen25_05b_ultrachat3000",
  "num_prompts": 100,
  "draft_len": 5,
  "generated_tokens": 12110,
  "baseline_generated_tokens": 12123,
  "speculative_generated_tokens": 12110,
  "baseline_wall_time_s": 6.616152114002034,
  "method_wall_time_s": 5.4425096929917345,
  "baseline_tokens_per_s": 1832.333929315742,
  "method_tokens_per_s": 2225.076423032177,
  "speedup": 1.2156436069414056,
  "matches_baseline": false,
  "diverged_prompts": 43,
  "first_diverged_prompt_id": "1730858474ab29d5cb68548742e454fd98f73ff42cbcf86752732be727d4d0eb",
  "token_count_mismatches": 5,
  "seed": 0,
  "gpu_memory_utilization": 0.85,
  "max_model_len": 1280,
  "max_num_seqs": 16,
  "serial_prompts": false,
  "warmup_prompts": 0,
  "speculation_steps": 3946,
  "proposed_draft_tokens": 19730,
  "accepted_draft_tokens": 8169,
  "acceptance_rate": 0.4140395337050177,
  "mean_accepted_tokens_per_step": 2.070197668525089,
  "acceptance_rate_by_position": [
    0.8512417638114547,
    0.587430309173847,
    0.34997465788139887,
    0.19082615306639636,
    0.09072478459199189
  ]
}
