{
  "method": "suffix_vllm",
  "model": "Qwen/Qwen2.5-7B-Instruct",
  "num_prompts": 50,
  "draft_len": 8,
  "max_tree_depth": 8,
  "max_cached_requests": 10000,
  "max_spec_factor": 1.0,
  "min_token_prob": 0.0,
  "generated_tokens": 3634,
  "baseline_generated_tokens": 3693,
  "speculative_generated_tokens": 3634,
  "baseline_wall_time_s": 11.944835396003327,
  "method_wall_time_s": 10.748267203991418,
  "baseline_decode_wall_time_s": 11.664741701999446,
  "method_decode_wall_time_s": 10.575289850996342,
  "baseline_tokens_per_s": 309.17127591692525,
  "method_tokens_per_s": 338.1010102400969,
  "baseline_decode_tokens_per_s": 316.5950943746131,
  "method_decode_tokens_per_s": 343.6312433230968,
  "speedup": 1.1113266137975764,
  "decode_speedup": 1.1030186279859235,
  "matches_baseline": false,
  "diverged_prompts": 5,
  "first_diverged_prompt_id": "wiki_0005",
  "token_count_mismatches": 5,
  "seed": 0,
  "gpu_memory_utilization": 0.85,
  "max_model_len": 16384,
  "max_num_seqs": 16,
  "serial_prompts": false,
  "warmup_prompts": 0,
  "speculation_steps": 1004,
  "proposed_draft_tokens": 3188,
  "accepted_draft_tokens": 2591,
  "acceptance_rate": 0.8127352572145545,
  "mean_accepted_tokens_per_step": 2.5806772908366535,
  "acceptance_rate_by_position": [
    0.7938247011952191,
    0.6693227091633466,
    0.5976095617529881,
    0.5199203187250996,
    0.0,
    0.0,
    0.0,
    0.0
  ]
}
