{
  "method": "suffix_vllm",
  "model": "Qwen/Qwen2.5-7B-Instruct",
  "num_prompts": 50,
  "draft_len": 8,
  "max_tree_depth": 8,
  "max_cached_requests": 10000,
  "max_spec_factor": 1.0,
  "min_token_prob": 0.0,
  "generated_tokens": 3767,
  "baseline_generated_tokens": 3785,
  "speculative_generated_tokens": 3767,
  "baseline_wall_time_s": 32.89486762105662,
  "method_wall_time_s": 17.957645696020336,
  "baseline_decode_wall_time_s": 23.21116899397748,
  "method_decode_wall_time_s": 8.117511308984831,
  "baseline_tokens_per_s": 115.06354254416124,
  "method_tokens_per_s": 209.77137336186667,
  "baseline_decode_tokens_per_s": 163.06804715359578,
  "method_decode_tokens_per_s": 464.05848499779887,
  "speedup": 1.8318029087936945,
  "decode_speedup": 2.859394722159032,
  "matches_baseline": false,
  "diverged_prompts": 5,
  "first_diverged_prompt_id": "wiki_0024",
  "token_count_mismatches": 4,
  "seed": 0,
  "gpu_memory_utilization": 0.85,
  "max_model_len": 16384,
  "max_num_seqs": 1,
  "serial_prompts": true,
  "warmup_prompts": 1,
  "speculation_steps": 1049,
  "proposed_draft_tokens": 3350,
  "accepted_draft_tokens": 2716,
  "acceptance_rate": 0.8107462686567164,
  "mean_accepted_tokens_per_step": 2.5891325071496665,
  "acceptance_rate_by_position": [
    0.7950428979980935,
    0.67302192564347,
    0.5958055290753098,
    0.5252621544327931,
    0.0,
    0.0,
    0.0,
    0.0
  ],
  "baseline_latency_mean_s": 0.6578973524211323,
  "baseline_latency_p50_s": 0.6988410589983687,
  "baseline_latency_p95_s": 1.0612010040058522,
  "method_latency_mean_s": 0.3591529139204067,
  "method_latency_p50_s": 0.3869353040063288,
  "method_latency_p95_s": 0.6389099169900874,
  "latency_speedup_mean_s": 1.9179880527791886,
  "latency_speedup_p50_s": 1.6783878233851168,
  "latency_speedup_p95_s": 2.9570133413138118,
  "baseline_decode_latency_mean_s": 0.4642233798795496,
  "baseline_decode_latency_p50_s": 0.4110279220039956,
  "baseline_decode_latency_p95_s": 0.7939441929920577,
  "method_decode_latency_mean_s": 0.16235022617969663,
  "method_decode_latency_p50_s": 0.15605866500118282,
  "method_decode_latency_p95_s": 0.3255485740082804,
  "decode_latency_speedup_mean_s": 2.8913124323739576,
  "decode_latency_speedup_p50_s": 2.898528924513901,
  "decode_latency_speedup_p95_s": 3.846497563362826
}
